Threads,Time(s),Speedup,Efficiency(%),Energy
1,0.024145,1.00,100.00,3.597272e+16
2,0.008452,2.86,142.83,3.597272e+16
4,0.041590,0.58,14.51,3.597272e+16
